[
  {
    "id": "kit-tiara-fofinha",
    "name": "Kit Tiara Fofinha, Presilha Flor e Lacinho",
    "price": 20.0,
    "old_price": null,
    "image": "assets/images/kit_tiara_fofinha.png",
    "category": "ACESSORIOS",
    "badge": "Fofo",
    "whatsapp_message": "Oi! Tenho interesse no Kit Tiara Fofinha, Presilha Flor e Lacinho. Ainda tem disponível?"
  },
  {
    "id": "esfoliante-labial",
    "name": "Esfoliante e Hidratante Labial",
    "price": 12.0,
    "old_price": null,
    "image": "assets/images/esfoliante_labial.png",
    "category": "MAQUIAGEM",
    "badge": "Novo",
    "whatsapp_message": "Oi! Tenho interesse no Esfoliante e Hidratante Labial. Pode me informar se está disponível?"
  },
  {
    "id": "blush-febella",
    "name": "Blush Febella",
    "price": 12.0,
    "old_price": null,
    "image": "assets/images/blush_febella.png",
    "category": "MAQUIAGEM",
    "badge": "Novo",
    "whatsapp_message": "Oi! Tenho interesse no Blush Febella. Pode me informar se está disponível?"
  },
  {
    "id": "kit-pinceis-scarlet-hill",
    "name": "Kit Pincéis Scarlet Hill",
    "price": 20.0,
    "old_price": null,
    "image": "assets/images/kit_pinceis_scarlet_hill.png",
    "category": "ACESSORIOS",
    "badge": "Novo",
    "whatsapp_message": "Oi! Tenho interesse no Kit Pincéis Scarlet Hill. Pode me informar se está disponível?"
  },
  {
    "id": "lip-gloss-chaveiro-ursinho",
    "name": "Lip Gloss Chaveiro Ursinho",
    "price": 15.0,
    "old_price": null,
    "image": "assets/images/lip_gloss_chaveiro_ursinho.png",
    "category": "MAQUIAGEM",
    "badge": "Fofo",
    "whatsapp_message": "Oi! Tenho interesse no Lip Gloss Chaveiro Ursinho. Pode me informar se está disponível?"
  },
  {
    "id": "gelatina-capilar",
    "name": "Gelatina Capilar",
    "price": 12.0,
    "old_price": null,
    "image": "assets/images/gelatina_capilar.png",
    "category": "CABELO",
    "badge": "Novo",
    "whatsapp_message": "Oi! Tenho interesse na Gelatina Capilar. Pode me informar se está disponível?"
  },
  {
    "id": "delineador",
    "name": "Delineador",
    "price": 12.0,
    "old_price": null,
    "image": "assets/images/delineador.png",
    "category": "MAQUIAGEM",
    "badge": "Novo",
    "whatsapp_message": "Oi! Tenho interesse no Delineador. Pode me informar se está disponível?"
  },
  {
    "id": "par-cilios",
    "name": "Par de Cílios",
    "price": 12.0,
    "old_price": null,
    "image": "assets/images/par_cilios.png",
    "category": "MAQUIAGEM",
    "badge": "Novo",
    "whatsapp_message": "Oi! Tenho interesse no Par de Cílios. Pode me informar se está disponível?"
  },
  {
    "id": "lencos-demaquilantes-2-pacotes",
    "name": "2 Pacotes de Lenço Demaquilante",
    "price": 12.0,
    "old_price": null,
    "image": "assets/images/lencos_demaquilantes.png",
    "category": "SKIN CARE",
    "badge": "Novo",
    "whatsapp_message": "Oi! Tenho interesse nos 2 Pacotes de Lenço Demaquilante. Pode me informar se está disponível?"
  },
  {
    "id": "serum-facial-love-rain",
    "name": "Sérum Facial Love Rain",
    "price": 12.0,
    "old_price": null,
    "image": "assets/images/serum_facial_love_rain.png",
    "category": "SKIN CARE",
    "badge": "Novo",
    "whatsapp_message": "Oi! Tenho interesse no Sérum Facial Love Rain. Pode me informar se está disponível?"
  },
  {
    "id": "blush-jelly",
    "name": "Blush Jelly",
    "price": 12.0,
    "old_price": null,
    "image": "assets/images/blush_jelly.png",
    "category": "MAQUIAGEM",
    "badge": "Novo",
    "whatsapp_message": "Oi! Tenho interesse no Blush Jelly. Pode me informar se está disponível?"
  },
  {
    "id": "gloss-pop-mia-make",
    "name": "Gloss Pop Mia Make",
    "price": 12.0,
    "old_price": null,
    "image": "assets/images/gloss_pop_mia_make.png",
    "category": "MAQUIAGEM",
    "badge": "Novo",
    "whatsapp_message": "Oi! Tenho interesse no Gloss Pop Mia Make. Pode me informar se está disponível?"
  },
  {
    "id": "kit-3-presilhas-florzinha",
    "name": "Kit 3 Presilhas Florzinha — Imagem ilustrativa. Valor referente a 1 unidade.",
    "price": 12.0,
    "old_price": null,
    "image": "assets/images/kit_3_presilhas_florzinha.png",
    "category": "ACESSORIOS",
    "badge": "Fofo",
    "whatsapp_message": "Oi! Tenho interesse em Kit 3 Presilhas Florzinha. Pode me informar se está disponível?"
  },
  {
    "id": "pincel-para-base-azul",
    "name": "Pincel para Base (Azul) — Imagem ilustrativa. Valor referente a 1 unidade.",
    "price": 12.0,
    "old_price": null,
    "image": "assets/images/pincel_para_base_azul.png",
    "category": "ACESSORIOS",
    "badge": "Novo",
    "whatsapp_message": "Oi! Tenho interesse em Pincel para Base (Azul). Pode me informar se está disponível?"
  },
  {
    "id": "pincel-para-base-rosa",
    "name": "Pincel para Base (Rosa) — Imagem ilustrativa. Valor referente a 1 unidade.",
    "price": 12.0,
    "old_price": null,
    "image": "assets/images/pincel_para_base_rosa.png",
    "category": "ACESSORIOS",
    "badge": "Novo",
    "whatsapp_message": "Oi! Tenho interesse em Pincel para Base (Rosa). Pode me informar se está disponível?"
  },
  {
    "id": "pincel-para-base-preto",
    "name": "Pincel para Base (Preto) — Imagem ilustrativa. Valor referente a 1 unidade.",
    "price": 12.0,
    "old_price": null,
    "image": "assets/images/pincel_para_base_preto.png",
    "category": "ACESSORIOS",
    "badge": "Novo",
    "whatsapp_message": "Oi! Tenho interesse em Pincel para Base (Preto). Pode me informar se está disponível?"
  },
  {
    "id": "esfoliante-pistache-alleva",
    "name": "Esfoliante Pistache Alleva",
    "price": 12.0,
    "old_price": null,
    "image": "assets/images/esfoliante_pistache_alleva.png",
    "category": "SKIN CARE",
    "badge": "Novo",
    "whatsapp_message": "Oi! Tenho interesse em Esfoliante Pistache Alleva. Pode me informar se está disponível?"
  },
  {
    "id": "kit-esponja-e-navalha",
    "name": "Kit Esponja e Navalha — Imagem ilustrativa. Valor referente a 1 unidade.",
    "price": 12.0,
    "old_price": null,
    "image": "assets/images/kit_esponja_e_navalha.png",
    "category": "ACESSORIOS",
    "badge": "Novo",
    "whatsapp_message": "Oi! Tenho interesse em Kit Esponja e Navalha. Pode me informar se está disponível?"
  },
  {
    "id": "kit-3-máscaras-facial",
    "name": "Kit 3 Máscaras Facial — Imagem ilustrativa. Valor referente a 1 unidade.",
    "price": 12.0,
    "old_price": null,
    "image": "assets/images/kit_3_mascaras_facial.png",
    "category": "SKIN CARE",
    "badge": "Novo",
    "whatsapp_message": "Oi! Tenho interesse em Kit 3 Máscaras Facial. Pode me informar se está disponível?"
  },
  {
    "id": "kit-esponjas",
    "name": "Kit Esponjas — Imagem ilustrativa. Valor referente a 1 unidade.",
    "price": 12.0,
    "old_price": null,
    "image": "assets/images/kit_esponjas.png",
    "category": "ACESSORIOS",
    "badge": "Novo",
    "whatsapp_message": "Oi! Tenho interesse em Kit Esponjas. Pode me informar se está disponível?"
  },
  {
    "id": "escova-de-cabelo-orelhinhas",
    "name": "Escova de Cabelo Orelhinhas",
    "price": 12.0,
    "old_price": null,
    "image": "assets/images/escova_cabelo_orelinhas.png",
    "category": "ACESSORIOS",
    "badge": "Fofo",
    "whatsapp_message": "Oi! Tenho interesse em Escova de Cabelo Orelhinhas. Pode me informar se está disponível?"
  },
  {
    "id": "kit-tiara-fofinha-cor-azul",
    "name": "Kit Tiara Fofinha (Cor Azul) — Imagem ilustrativa. Valor referente a 1 unidade.",
    "price": 20.0,
    "old_price": null,
    "image": "assets/images/kit_tiara_fofinha_azul.png",
    "category": "ACESSORIOS",
    "badge": "Fofo",
    "whatsapp_message": "Oi! Tenho interesse em Kit Tiara Fofinha (Cor Azul). Pode me informar se está disponível?"
  },
  {
    "id": "kit-tiara-fofinha-cor-roxo",
    "name": "Kit Tiara Fofinha (Cor Roxo) — Imagem ilustrativa. Valor referente a 1 unidade.",
    "price": 20.0,
    "old_price": null,
    "image": "assets/images/kit_tiara_fofinha_roxo.png",
    "category": "ACESSORIOS",
    "badge": "Fofo",
    "whatsapp_message": "Oi! Tenho interesse em Kit Tiara Fofinha (Cor Roxo). Pode me informar se está disponível?"
  },
  {
    "id": "kit-tiara-fofinha-cor-lilás",
    "name": "Kit Tiara Fofinha (Cor Lilás) — Imagem ilustrativa. Valor referente a 1 unidade.",
    "price": 20.0,
    "old_price": null,
    "image": "assets/images/kit_tiara_fofinha_lilás.png",
    "category": "ACESSORIOS",
    "badge": "Fofo",
    "whatsapp_message": "Oi! Tenho interesse em Kit Tiara Fofinha (Cor Lilás). Pode me informar se está disponível?"
  },
  {
    "id": "kit-tiara-fofinha-cor-rosa",
    "name": "Kit Tiara Fofinha (Cor Rosa) — Imagem ilustrativa. Valor referente a 1 unidade.",
    "price": 20.0,
    "old_price": null,
    "image": "assets/images/kit_tiara_fofinha_rosa.png",
    "category": "ACESSORIOS",
    "badge": "Fofo",
    "whatsapp_message": "Oi! Tenho interesse em Kit Tiara Fofinha (Cor Rosa). Pode me informar se está disponível?"
  },
  {
    "id": "água-micelar-detox-max-love",
    "name": "Água Micelar Detox Max Love",
    "price": 12.0,
    "old_price": null,
    "image": "assets/images/agua_micelar_detox_max_love.png",
    "category": "SKIN CARE",
    "badge": "Novo",
    "whatsapp_message": "Oi! Tenho interesse no Água Micelar Detox Max Love. Ainda tem disponível?"
  },
  {
    "id": "água-micelar-matte-max-love",
    "name": "Água Micelar Matte Max Love",
    "price": 12.0,
    "old_price": null,
    "image": "assets/images/agua_micelar_matte_max_love.png",
    "category": "SKIN CARE",
    "badge": "Novo",
    "whatsapp_message": "Oi! Tenho interesse no Água Micelar Matte Max Love. Ainda tem disponível?"
  },
  {
    "id": "bruma-fixadora-amora-glow-love-200ml",
    "name": "Bruma Fixadora Amora Glow Love 200ml",
    "price": 12.0,
    "old_price": null,
    "image": "assets/images/bruma_fixadora_amora.png",
    "category": "SKIN CARE",
    "badge": "Novo",
    "whatsapp_message": "Oi! Tenho interesse no Bruma Fixadora Amora Glow Love 200ml. Ainda tem disponível?"
  },
  {
    "id": "sérum-facial-romã",
    "name": "Sérum Facial Romã",
    "price": 12.0,
    "old_price": null,
    "image": "assets/images/serum_facial_roma.png",
    "category": "SKIN CARE",
    "badge": "Novo",
    "whatsapp_message": "Oi! Tenho interesse no Sérum Facial Romã. Ainda tem disponível?"
  },
  {
    "id": "sérum-facial-vitamina-c",
    "name": "Sérum Facial Vitamina C",
    "price": 12.0,
    "old_price": null,
    "image": "assets/images/serum_facial_vitamina_c.png",
    "category": "SKIN CARE",
    "badge": "Novo",
    "whatsapp_message": "Oi! Tenho interesse no Sérum Facial Vitamina C. Ainda tem disponível?"
  },
  {
    "id": "sérum-facial-redutor-de-poros",
    "name": "Sérum Facial Redutor de Poros",
    "price": 12.0,
    "old_price": null,
    "image": "assets/images/serum_redutor_de_poros.png",
    "category": "SKIN CARE",
    "badge": "Novo",
    "whatsapp_message": "Oi! Tenho interesse no Sérum Facial Redutor de Poros. Ainda tem disponível?"
  },
  {
    "id": "sérum-facial-vitamina-c-10-em-1",
    "name": "Sérum Facial Vitamina C 10 em 1",
    "price": 12.0,
    "old_price": null,
    "image": "assets/images/serum_vitamina_c_10_em_1.png",
    "category": "SKIN CARE",
    "badge": "Novo",
    "whatsapp_message": "Oi! Tenho interesse no Sérum Facial Vitamina C 10 em 1. Ainda tem disponível?"
  },
  {
    "id": "sérum-facial-uniformizador-retinol-q10",
    "name": "Sérum Facial Uniformizador Retinol + Q10",
    "price": 12.0,
    "old_price": null,
    "image": "assets/images/serum_retinol_q10.png",
    "category": "SKIN CARE",
    "badge": "Novo",
    "whatsapp_message": "Oi! Tenho interesse no Sérum Facial Uniformizador Retinol + Q10. Ainda tem disponível?"
  },
  {
    "id": "geleia-hidratante-corporal-alleva-skin",
    "name": "Geleia Hidratante Corporal Alleva Skin",
    "price": 12.0,
    "old_price": null,
    "image": "assets/images/geleia_hidratante_corporal_alleva.png",
    "category": "SKIN CARE",
    "badge": "Novo",
    "whatsapp_message": "Oi! Tenho interesse no Geleia Hidratante Corporal Alleva Skin. Ainda tem disponível?"
  },
  {
    "id": "mousse-micelar-melancia-babassoul",
    "name": "Mousse Micelar Melancia Babassoul",
    "price": 12.0,
    "old_price": null,
    "image": "assets/images/mousse_micelar_melancia.png",
    "category": "SKIN CARE",
    "badge": "Novo",
    "whatsapp_message": "Oi! Tenho interesse no Mousse Micelar Melancia Babassoul. Ainda tem disponível?"
  },
  {
    "id": "fixador-de-maquiagem-fenzza",
    "name": "Fixador de Maquiagem Fenzza",
    "price": 15.0,
    "old_price": null,
    "image": "assets/images/fixador_fenzza.png",
    "category": "SKIN CARE",
    "badge": "Novo",
    "whatsapp_message": "Oi! Tenho interesse no Fixador de Maquiagem Fenzza. Ainda tem disponível?"
  },
  {
    "id": "máscara-para-lábios-2-por-r12",
    "name": "Máscara para Lábios (2 por R$12)",
    "price": 12.0,
    "old_price": null,
    "image": "assets/images/mascara_para_labios_2_por_12.png",
    "category": "MAQUIAGEM",
    "badge": "Promo",
    "whatsapp_message": "Oi! Tenho interesse no Máscara para Lábios (2 por R$12). Ainda tem disponível?"
  },
  {
    "id": "batom-cor-02-duas-fotos",
    "name": "Batom Cor 02 (duas fotos)",
    "price": 12.0,
    "old_price": null,
    "image": "assets/images/batom_cor_02_duplo.png",
    "category": "MAQUIAGEM",
    "badge": "Cor",
    "whatsapp_message": "Oi! Tenho interesse no Batom Cor 02. Ainda tem disponível?"
  },
  {
    "id": "batom-cor-06-duas-fotos",
    "name": "Batom Cor 06 (duas fotos)",
    "price": 12.0,
    "old_price": null,
    "image": "assets/images/batom_cor_06_duplo.png",
    "category": "MAQUIAGEM",
    "badge": "Cor",
    "whatsapp_message": "Oi! Tenho interesse no Batom Cor 06. Ainda tem disponível?"
  },
  {
    "id": "batom-cor-03-duas-fotos",
    "name": "Batom Cor 03 (duas fotos)",
    "price": 12.0,
    "old_price": null,
    "image": "assets/images/batom_cor_03_duplo.png",
    "category": "MAQUIAGEM",
    "badge": "Cor",
    "whatsapp_message": "Oi! Tenho interesse no Batom Cor 03. Ainda tem disponível?"
  },
  {
    "id": "gloss-mel-com-chaveiro",
    "name": "Gloss Mel com Chaveiro",
    "price": 15.0,
    "old_price": null,
    "image": "assets/images/gloss_mel_com_chaveiro.png",
    "category": "MAQUIAGEM",
    "badge": "Fofo",
    "whatsapp_message": "Oi! Tenho interesse no Gloss Mel com Chaveiro. Ainda tem disponível?"
  }
]